cipher,keyword,np,dist,run,time_s,key,winner,speedup,efficiency
cipher,UNIQUEKEY_2025_DBK,1,block,1,0.041179,9987,0,1.0,1.0
cipher,UNIQUEKEY_2025_DBK,1,block,2,0.039412,9987,0,1.0,1.0
cipher,UNIQUEKEY_2025_DBK,1,block,3,0.043139,9987,0,1.0,1.0
cipher,UNIQUEKEY_2025_DBK,1,block,4,0.039047,9987,0,1.0,1.0
cipher,UNIQUEKEY_2025_DBK,1,block,5,0.043959,9987,0,1.0,1.0
cipher,UNIQUEKEY_2025_DBK,1,block,6,0.041520,9987,0,1.0,1.0
cipher,UNIQUEKEY_2025_DBK,1,block,7,0.042486,9987,0,1.0,1.0
cipher,UNIQUEKEY_2025_DBK,1,block,8,0.041487,9987,0,1.0,1.0
cipher,UNIQUEKEY_2025_DBK,1,block,9,0.041184,9987,0,1.0,1.0
cipher,UNIQUEKEY_2025_DBK,1,block,10,0.041955,9987,0,1.0,1.0
cipher,UNIQUEKEY_2025_DBK,2,block,1,1.128646,9987,0,0.0368023,0.0184012
cipher,UNIQUEKEY_2025_DBK,2,block,2,1.107779,9987,0,0.0374956,0.0187478
cipher,UNIQUEKEY_2025_DBK,2,block,3,1.136781,9987,0,0.036539,0.0182695
cipher,UNIQUEKEY_2025_DBK,2,block,4,1.105270,9987,0,0.0375807,0.0187904
cipher,UNIQUEKEY_2025_DBK,2,block,5,1.111296,9987,0,0.0373769,0.0186884
cipher,UNIQUEKEY_2025_DBK,2,block,6,1.109600,9987,0,0.037434,0.018717
cipher,UNIQUEKEY_2025_DBK,2,block,7,1.129926,9987,0,0.0367606,0.0183803
cipher,UNIQUEKEY_2025_DBK,2,block,8,1.145492,9987,0,0.0362611,0.0181305
cipher,UNIQUEKEY_2025_DBK,2,block,9,1.156609,9987,0,0.0359126,0.0179563
cipher,UNIQUEKEY_2025_DBK,2,block,10,1.106734,9987,0,0.037531,0.0187655
cipher,UNIQUEKEY_2025_DBK,3,block,1,1.132056,9987,0,0.0366915,0.0122305
cipher,UNIQUEKEY_2025_DBK,3,block,2,1.127899,9987,0,0.0368267,0.0122756
cipher,UNIQUEKEY_2025_DBK,3,block,3,1.244707,9987,0,0.0333707,0.0111236
cipher,UNIQUEKEY_2025_DBK,3,block,4,1.125630,9987,0,0.0369009,0.0123003
cipher,UNIQUEKEY_2025_DBK,3,block,5,1.133106,9987,0,0.0366575,0.0122192
cipher,UNIQUEKEY_2025_DBK,3,block,6,1.231392,9987,0,0.0337316,0.0112439
cipher,UNIQUEKEY_2025_DBK,3,block,7,1.200337,9987,0,0.0346043,0.0115348
cipher,UNIQUEKEY_2025_DBK,3,block,8,1.189951,9987,0,0.0349063,0.0116354
cipher,UNIQUEKEY_2025_DBK,3,block,9,1.216269,9987,0,0.034151,0.0113837
cipher,UNIQUEKEY_2025_DBK,3,block,10,1.218420,9987,0,0.0340907,0.0113636
cipher,UNIQUEKEY_2025_DBK,4,block,1,1.230821,9987,0,0.0337472,0.0084368
cipher,UNIQUEKEY_2025_DBK,4,block,2,1.235278,9987,0,0.0336255,0.00840638
cipher,UNIQUEKEY_2025_DBK,4,block,3,1.234847,9987,0,0.0336372,0.0084093
cipher,UNIQUEKEY_2025_DBK,4,block,4,1.140007,9987,0,0.0364356,0.0091089
cipher,UNIQUEKEY_2025_DBK,4,block,5,1.149392,9987,0,0.0361381,0.00903452
cipher,UNIQUEKEY_2025_DBK,4,block,6,1.149625,9987,0,0.0361307,0.00903268
cipher,UNIQUEKEY_2025_DBK,4,block,7,1.139193,9987,0,0.0364616,0.0091154
cipher,UNIQUEKEY_2025_DBK,4,block,8,1.143504,9987,0,0.0363241,0.00908102
cipher,UNIQUEKEY_2025_DBK,4,block,9,1.145394,9987,0,0.0362642,0.00906605
cipher,UNIQUEKEY_2025_DBK,4,block,10,1.144555,9987,0,0.0362908,0.0090727
cipher,UNIQUEKEY_2025_DBK,5,block,1,1.179389,9987,0,0.0352189,0.00704378
cipher,UNIQUEKEY_2025_DBK,5,block,2,1.174851,9987,0,0.035355,0.007071
cipher,UNIQUEKEY_2025_DBK,5,block,3,1.158885,9987,0,0.035842,0.0071684
cipher,UNIQUEKEY_2025_DBK,5,block,4,1.169330,9987,0,0.0355219,0.00710438
cipher,UNIQUEKEY_2025_DBK,5,block,5,1.195954,9987,0,0.0347311,0.00694622
cipher,UNIQUEKEY_2025_DBK,5,block,6,1.168864,9987,0,0.035536,0.0071072
cipher,UNIQUEKEY_2025_DBK,5,block,7,1.170356,9987,0,0.0354907,0.00709814
cipher,UNIQUEKEY_2025_DBK,5,block,8,1.175280,9987,0,0.035342,0.0070684
cipher,UNIQUEKEY_2025_DBK,5,block,9,1.168576,9987,0,0.0355448,0.00710896
cipher,UNIQUEKEY_2025_DBK,5,block,10,1.169022,9987,0,0.0355312,0.00710624
cipher,UNIQUEKEY_2025_DBK,6,block,1,1.340611,9987,0,0.0309835,0.00516392
cipher,UNIQUEKEY_2025_DBK,6,block,2,1.280827,9987,0,0.0324297,0.00540495
cipher,UNIQUEKEY_2025_DBK,6,block,3,1.264894,9987,0,0.0328382,0.00547303
cipher,UNIQUEKEY_2025_DBK,6,block,4,1.272028,9987,0,0.032654,0.00544233
cipher,UNIQUEKEY_2025_DBK,6,block,5,1.335881,9987,0,0.0310932,0.0051822
cipher,UNIQUEKEY_2025_DBK,6,block,6,1.273439,9987,0,0.0326178,0.0054363
cipher,UNIQUEKEY_2025_DBK,6,block,7,1.272910,9987,0,0.0326314,0.00543857
cipher,UNIQUEKEY_2025_DBK,6,block,8,1.253762,9987,0,0.0331297,0.00552162
cipher,UNIQUEKEY_2025_DBK,6,block,9,1.285749,9987,0,0.0323055,0.00538425
cipher,UNIQUEKEY_2025_DBK,6,block,10,1.257560,9987,0,0.0330297,0.00550495
cipher,UNIQUEKEY_2025_DBK,7,block,1,1.358905,9987,0,0.0305664,0.00436663
cipher,UNIQUEKEY_2025_DBK,7,block,2,1.339551,9987,0,0.031008,0.00442971
cipher,UNIQUEKEY_2025_DBK,7,block,3,1.358744,9987,0,0.03057,0.00436714
cipher,UNIQUEKEY_2025_DBK,7,block,4,1.329557,9987,0,0.0312411,0.00446301
cipher,UNIQUEKEY_2025_DBK,7,block,5,1.333471,9987,0,0.0311494,0.00444991
cipher,UNIQUEKEY_2025_DBK,7,block,6,1.335422,9987,0,0.0311039,0.00444341
cipher,UNIQUEKEY_2025_DBK,7,block,7,1.352656,9987,0,0.0307076,0.0043868
cipher,UNIQUEKEY_2025_DBK,7,block,8,1.339521,9987,0,0.0310087,0.00442981
cipher,UNIQUEKEY_2025_DBK,7,block,9,1.318139,9987,0,0.0315117,0.00450167
cipher,UNIQUEKEY_2025_DBK,7,block,10,1.342740,9987,0,0.0309344,0.0044192
cipher,UNIQUEKEY_2025_DBK,8,block,1,1.431950,9987,0,0.0290072,0.0036259
cipher,UNIQUEKEY_2025_DBK,8,block,2,1.394919,9987,0,0.0297772,0.00372215
cipher,UNIQUEKEY_2025_DBK,8,block,3,1.413470,9987,0,0.0293864,0.0036733
cipher,UNIQUEKEY_2025_DBK,8,block,4,1.412044,9987,0,0.0294161,0.00367701
cipher,UNIQUEKEY_2025_DBK,8,block,5,1.384757,9987,0,0.0299957,0.00374946
cipher,UNIQUEKEY_2025_DBK,8,block,6,1.442983,9987,0,0.0287854,0.00359817
cipher,UNIQUEKEY_2025_DBK,8,block,7,1.405890,9987,0,0.0295448,0.0036931
cipher,UNIQUEKEY_2025_DBK,8,block,8,1.378141,9987,0,0.0301397,0.00376746
cipher,UNIQUEKEY_2025_DBK,8,block,9,1.387748,9987,0,0.0299311,0.00374139
cipher,UNIQUEKEY_2025_DBK,8,block,10,1.389434,9987,0,0.0298948,0.00373685
cipher,UNIQUEKEY_2025_DBK,10,block,1,1.508231,9987,0,0.0275401,0.00275401
cipher,UNIQUEKEY_2025_DBK,10,block,2,1.596336,9987,0,0.0260201,0.00260201
cipher,UNIQUEKEY_2025_DBK,10,block,3,1.527393,9987,0,0.0271946,0.00271946
cipher,UNIQUEKEY_2025_DBK,10,block,4,1.674022,9987,0,0.0248126,0.00248126
cipher,UNIQUEKEY_2025_DBK,10,block,5,1.623292,9987,0,0.025588,0.0025588
cipher,UNIQUEKEY_2025_DBK,10,block,6,1.610447,9987,0,0.0257921,0.00257921
cipher,UNIQUEKEY_2025_DBK,10,block,7,1.722547,9987,0,0.0241136,0.00241136
cipher,UNIQUEKEY_2025_DBK,10,block,8,1.559633,9987,0,0.0266324,0.00266324
cipher,UNIQUEKEY_2025_DBK,10,block,9,1.630466,9987,0,0.0254754,0.00254754
cipher,UNIQUEKEY_2025_DBK,10,block,10,1.719282,9987,0,0.0241594,0.00241594
cipher,UNIQUEKEY_2025_DBK,1,interleaved,1,0.047785,9987,0,1.0,1.0
cipher,UNIQUEKEY_2025_DBK,1,interleaved,2,0.045096,9987,0,1.0,1.0
cipher,UNIQUEKEY_2025_DBK,1,interleaved,3,0.046615,9987,0,1.0,1.0
cipher,UNIQUEKEY_2025_DBK,1,interleaved,4,0.045410,9987,0,1.0,1.0
cipher,UNIQUEKEY_2025_DBK,1,interleaved,5,0.049230,9987,0,1.0,1.0
cipher,UNIQUEKEY_2025_DBK,1,interleaved,6,0.048976,9987,0,1.0,1.0
cipher,UNIQUEKEY_2025_DBK,1,interleaved,7,0.049304,9987,0,1.0,1.0
cipher,UNIQUEKEY_2025_DBK,1,interleaved,8,0.045268,9987,0,1.0,1.0
cipher,UNIQUEKEY_2025_DBK,1,interleaved,9,0.047276,9987,0,1.0,1.0
cipher,UNIQUEKEY_2025_DBK,1,interleaved,10,0.049679,9987,0,1.0,1.0
cipher,UNIQUEKEY_2025_DBK,2,interleaved,1,1.140183,9987,1,0.0416283,0.0208142
cipher,UNIQUEKEY_2025_DBK,2,interleaved,2,1.106919,9987,1,0.0428793,0.0214397
cipher,UNIQUEKEY_2025_DBK,2,interleaved,3,1.158139,9987,1,0.0409829,0.0204915
cipher,UNIQUEKEY_2025_DBK,2,interleaved,4,1.110682,9987,1,0.042734,0.021367
cipher,UNIQUEKEY_2025_DBK,2,interleaved,5,1.117584,9987,1,0.0424701,0.021235
cipher,UNIQUEKEY_2025_DBK,2,interleaved,6,1.112878,9987,1,0.0426497,0.0213248
cipher,UNIQUEKEY_2025_DBK,2,interleaved,7,1.113990,9987,1,0.0426071,0.0213036
cipher,UNIQUEKEY_2025_DBK,2,interleaved,8,1.152585,9987,1,0.0411804,0.0205902
cipher,UNIQUEKEY_2025_DBK,2,interleaved,9,1.127473,9987,1,0.0420976,0.0210488
cipher,UNIQUEKEY_2025_DBK,2,interleaved,10,1.167744,9987,1,0.0406458,0.0203229
cipher,UNIQUEKEY_2025_DBK,3,interleaved,1,1.235945,9987,0,0.0384029,0.012801
cipher,UNIQUEKEY_2025_DBK,3,interleaved,2,1.230279,9987,0,0.0385798,0.0128599
cipher,UNIQUEKEY_2025_DBK,3,interleaved,3,1.242748,9987,0,0.0381927,0.0127309
cipher,UNIQUEKEY_2025_DBK,3,interleaved,4,1.237004,9987,0,0.03837,0.01279
cipher,UNIQUEKEY_2025_DBK,3,interleaved,5,1.218462,9987,0,0.0389539,0.0129846
cipher,UNIQUEKEY_2025_DBK,3,interleaved,6,1.166388,9987,0,0.0406931,0.0135644
cipher,UNIQUEKEY_2025_DBK,3,interleaved,7,1.149423,9987,0,0.0412937,0.0137646
cipher,UNIQUEKEY_2025_DBK,3,interleaved,8,1.156581,9987,0,0.0410381,0.0136794
cipher,UNIQUEKEY_2025_DBK,3,interleaved,9,1.145287,9987,0,0.0414428,0.0138143
cipher,UNIQUEKEY_2025_DBK,3,interleaved,10,1.138479,9987,0,0.0416906,0.0138969
cipher,UNIQUEKEY_2025_DBK,4,interleaved,1,1.159079,9987,3,0.0409497,0.0102374
cipher,UNIQUEKEY_2025_DBK,4,interleaved,2,1.158532,9987,3,0.040969,0.0102422
cipher,UNIQUEKEY_2025_DBK,4,interleaved,3,1.171527,9987,3,0.0405146,0.0101286
cipher,UNIQUEKEY_2025_DBK,4,interleaved,4,1.167604,9987,3,0.0406507,0.0101627
cipher,UNIQUEKEY_2025_DBK,4,interleaved,5,1.150808,9987,3,0.041244,0.010311
cipher,UNIQUEKEY_2025_DBK,4,interleaved,6,1.140653,9987,3,0.0416112,0.0104028
cipher,UNIQUEKEY_2025_DBK,4,interleaved,7,1.178067,9987,3,0.0402896,0.0100724
cipher,UNIQUEKEY_2025_DBK,4,interleaved,8,1.191412,9987,3,0.0398384,0.0099596
cipher,UNIQUEKEY_2025_DBK,4,interleaved,9,1.172546,9987,3,0.0404794,0.0101198
cipher,UNIQUEKEY_2025_DBK,4,interleaved,10,1.156449,9987,3,0.0410428,0.0102607
cipher,UNIQUEKEY_2025_DBK,5,interleaved,1,1.176980,9987,2,0.0403269,0.00806538
cipher,UNIQUEKEY_2025_DBK,5,interleaved,2,1.178979,9987,2,0.0402585,0.0080517
cipher,UNIQUEKEY_2025_DBK,5,interleaved,3,1.312691,9987,2,0.0361577,0.00723154
cipher,UNIQUEKEY_2025_DBK,5,interleaved,4,1.277941,9987,2,0.0371409,0.00742818
cipher,UNIQUEKEY_2025_DBK,5,interleaved,5,1.297211,9987,2,0.0365892,0.00731784
cipher,UNIQUEKEY_2025_DBK,5,interleaved,6,1.237610,9987,2,0.0383513,0.00767026
cipher,UNIQUEKEY_2025_DBK,5,interleaved,7,1.197372,9987,2,0.0396401,0.00792802
cipher,UNIQUEKEY_2025_DBK,5,interleaved,8,1.260174,9987,2,0.0376646,0.00753292
cipher,UNIQUEKEY_2025_DBK,5,interleaved,9,1.314117,9987,2,0.0361185,0.0072237
cipher,UNIQUEKEY_2025_DBK,5,interleaved,10,1.287702,9987,2,0.0368594,0.00737188
cipher,UNIQUEKEY_2025_DBK,6,interleaved,1,1.327005,9987,3,0.0357677,0.00596128
cipher,UNIQUEKEY_2025_DBK,6,interleaved,2,1.279755,9987,3,0.0370883,0.00618138
cipher,UNIQUEKEY_2025_DBK,6,interleaved,3,1.458646,9987,3,0.0325397,0.00542328
cipher,UNIQUEKEY_2025_DBK,6,interleaved,4,1.361185,9987,3,0.0348695,0.00581158
cipher,UNIQUEKEY_2025_DBK,6,interleaved,5,1.335248,9987,3,0.0355469,0.00592448
cipher,UNIQUEKEY_2025_DBK,6,interleaved,6,1.248283,9987,3,0.0380233,0.00633722
cipher,UNIQUEKEY_2025_DBK,6,interleaved,7,1.240641,9987,3,0.0382576,0.00637627
cipher,UNIQUEKEY_2025_DBK,6,interleaved,8,1.249409,9987,3,0.0379891,0.00633152
cipher,UNIQUEKEY_2025_DBK,6,interleaved,9,1.241485,9987,3,0.0382316,0.00637193
cipher,UNIQUEKEY_2025_DBK,6,interleaved,10,1.246907,9987,3,0.0380653,0.00634422
cipher,UNIQUEKEY_2025_DBK,7,interleaved,1,1.322300,9987,5,0.035895,0.00512786
cipher,UNIQUEKEY_2025_DBK,7,interleaved,2,1.304986,9987,5,0.0363712,0.00519589
cipher,UNIQUEKEY_2025_DBK,7,interleaved,3,1.362415,9987,5,0.0348381,0.00497687
cipher,UNIQUEKEY_2025_DBK,7,interleaved,4,1.312857,9987,5,0.0361531,0.00516473
cipher,UNIQUEKEY_2025_DBK,7,interleaved,5,1.327617,9987,5,0.0357512,0.00510731
cipher,UNIQUEKEY_2025_DBK,7,interleaved,6,1.336138,9987,5,0.0355232,0.00507474
cipher,UNIQUEKEY_2025_DBK,7,interleaved,7,1.313217,9987,5,0.0361432,0.00516331
cipher,UNIQUEKEY_2025_DBK,7,interleaved,8,1.374267,9987,5,0.0345376,0.00493394
cipher,UNIQUEKEY_2025_DBK,7,interleaved,9,1.330288,9987,5,0.0356794,0.00509706
cipher,UNIQUEKEY_2025_DBK,7,interleaved,10,1.321210,9987,5,0.0359246,0.00513209
cipher,UNIQUEKEY_2025_DBK,8,interleaved,1,1.388598,9987,3,0.0341812,0.00427265
cipher,UNIQUEKEY_2025_DBK,8,interleaved,2,1.402168,9987,3,0.0338504,0.0042313
cipher,UNIQUEKEY_2025_DBK,8,interleaved,3,1.409232,9987,3,0.0336807,0.00421009
cipher,UNIQUEKEY_2025_DBK,8,interleaved,4,1.466665,9987,3,0.0323618,0.00404523
cipher,UNIQUEKEY_2025_DBK,8,interleaved,5,1.416514,9987,3,0.0335075,0.00418844
cipher,UNIQUEKEY_2025_DBK,8,interleaved,6,1.375894,9987,3,0.0344968,0.0043121
cipher,UNIQUEKEY_2025_DBK,8,interleaved,7,1.390320,9987,3,0.0341388,0.00426735
cipher,UNIQUEKEY_2025_DBK,8,interleaved,8,1.424361,9987,3,0.0333229,0.00416536
cipher,UNIQUEKEY_2025_DBK,8,interleaved,9,1.519904,9987,3,0.0312282,0.00390353
cipher,UNIQUEKEY_2025_DBK,8,interleaved,10,1.432658,9987,3,0.03313,0.00414125
cipher,UNIQUEKEY_2025_DBK,10,interleaved,1,1.587359,9987,7,0.0299012,0.00299012
cipher,UNIQUEKEY_2025_DBK,10,interleaved,2,1.622014,9987,7,0.0292623,0.00292623
cipher,UNIQUEKEY_2025_DBK,10,interleaved,3,1.617564,9987,7,0.0293428,0.00293428
cipher,UNIQUEKEY_2025_DBK,10,interleaved,4,1.768703,9987,7,0.0268354,0.00268354
cipher,UNIQUEKEY_2025_DBK,10,interleaved,5,1.688624,9987,7,0.028108,0.0028108
cipher,UNIQUEKEY_2025_DBK,10,interleaved,6,1.660276,9987,7,0.028588,0.0028588
cipher,UNIQUEKEY_2025_DBK,10,interleaved,7,1.701634,9987,7,0.0278931,0.00278931
cipher,UNIQUEKEY_2025_DBK,10,interleaved,8,1.670227,9987,7,0.0284176,0.00284176
cipher,UNIQUEKEY_2025_DBK,10,interleaved,9,1.685493,9987,7,0.0281602,0.00281602
cipher,UNIQUEKEY_2025_DBK,10,interleaved,10,1.722900,9987,7,0.0275488,0.00275488
cipher,UNIQUEKEY_2025_DBK,1,dynamic,1,0.047370,9987,0,1.0,1.0
cipher,UNIQUEKEY_2025_DBK,1,dynamic,2,0.046051,9987,0,1.0,1.0
cipher,UNIQUEKEY_2025_DBK,1,dynamic,3,0.044722,9987,0,1.0,1.0
cipher,UNIQUEKEY_2025_DBK,1,dynamic,4,0.045218,9987,0,1.0,1.0
cipher,UNIQUEKEY_2025_DBK,1,dynamic,5,0.043840,9987,0,1.0,1.0
cipher,UNIQUEKEY_2025_DBK,1,dynamic,6,0.047836,9987,0,1.0,1.0
cipher,UNIQUEKEY_2025_DBK,1,dynamic,7,0.042425,9987,0,1.0,1.0
cipher,UNIQUEKEY_2025_DBK,1,dynamic,8,0.043792,9987,0,1.0,1.0
cipher,UNIQUEKEY_2025_DBK,1,dynamic,9,0.043769,9987,0,1.0,1.0
cipher,UNIQUEKEY_2025_DBK,1,dynamic,10,0.043191,9987,0,1.0,1.0
cipher,UNIQUEKEY_2025_DBK,2,dynamic,1,0.048775,9987,1,0.918942,0.459471
cipher,UNIQUEKEY_2025_DBK,2,dynamic,2,0.047478,9987,1,0.944046,0.472023
cipher,UNIQUEKEY_2025_DBK,2,dynamic,3,0.044001,9987,1,1.01865,0.509325
cipher,UNIQUEKEY_2025_DBK,2,dynamic,4,0.042776,9987,1,1.04782,0.52391
cipher,UNIQUEKEY_2025_DBK,2,dynamic,5,0.046403,9987,1,0.965916,0.482958
cipher,UNIQUEKEY_2025_DBK,2,dynamic,6,0.043243,9987,1,1.0365,0.51825
cipher,UNIQUEKEY_2025_DBK,2,dynamic,7,0.048317,9987,1,0.927653,0.463826
cipher,UNIQUEKEY_2025_DBK,2,dynamic,8,0.049735,9987,1,0.901204,0.450602
cipher,UNIQUEKEY_2025_DBK,2,dynamic,9,0.043828,9987,1,1.02267,0.511335
cipher,UNIQUEKEY_2025_DBK,2,dynamic,10,0.045623,9987,1,0.98243,0.491215
cipher,UNIQUEKEY_2025_DBK,3,dynamic,1,2.341741,9987,2,0.0191402,0.00638007
cipher,UNIQUEKEY_2025_DBK,3,dynamic,2,2.344396,9987,2,0.0191185,0.00637283
cipher,UNIQUEKEY_2025_DBK,3,dynamic,3,2.467575,9987,2,0.0181641,0.0060547
cipher,UNIQUEKEY_2025_DBK,3,dynamic,4,2.332926,9987,2,0.0192125,0.00640417
cipher,UNIQUEKEY_2025_DBK,3,dynamic,5,2.361774,9987,2,0.0189779,0.00632597
cipher,UNIQUEKEY_2025_DBK,3,dynamic,6,2.332580,9987,2,0.0192154,0.00640513
cipher,UNIQUEKEY_2025_DBK,3,dynamic,7,2.416239,9987,2,0.0185501,0.00618337
cipher,UNIQUEKEY_2025_DBK,3,dynamic,8,2.360205,9987,2,0.0189905,0.00633017
cipher,UNIQUEKEY_2025_DBK,3,dynamic,9,2.346976,9987,2,0.0190975,0.00636583
cipher,UNIQUEKEY_2025_DBK,3,dynamic,10,2.354209,9987,2,0.0190388,0.00634627
cipher,UNIQUEKEY_2025_DBK,4,dynamic,1,2.353102,9987,3,0.0190478,0.00476195
cipher,UNIQUEKEY_2025_DBK,4,dynamic,2,2.334457,9987,3,0.0191999,0.00479997
cipher,UNIQUEKEY_2025_DBK,4,dynamic,3,2.431783,9987,3,0.0184315,0.00460787
cipher,UNIQUEKEY_2025_DBK,4,dynamic,4,2.361713,9987,3,0.0189783,0.00474458
cipher,UNIQUEKEY_2025_DBK,4,dynamic,5,2.299092,9987,3,0.0194953,0.00487383
cipher,UNIQUEKEY_2025_DBK,4,dynamic,6,2.309627,9987,3,0.0194063,0.00485158
cipher,UNIQUEKEY_2025_DBK,4,dynamic,7,2.479686,9987,3,0.0180754,0.00451885
cipher,UNIQUEKEY_2025_DBK,4,dynamic,8,2.490794,9987,3,0.0179948,0.0044987
cipher,UNIQUEKEY_2025_DBK,4,dynamic,9,2.414167,9987,3,0.018566,0.0046415
cipher,UNIQUEKEY_2025_DBK,4,dynamic,10,2.369659,9987,3,0.0189147,0.00472867
cipher,UNIQUEKEY_2025_DBK,5,dynamic,1,2.483227,9987,4,0.0180497,0.00360994
cipher,UNIQUEKEY_2025_DBK,5,dynamic,2,2.426036,9987,4,0.0184752,0.00369504
cipher,UNIQUEKEY_2025_DBK,5,dynamic,3,2.413343,9987,4,0.0185723,0.00371446
cipher,UNIQUEKEY_2025_DBK,5,dynamic,4,2.383515,9987,4,0.0188047,0.00376094
cipher,UNIQUEKEY_2025_DBK,5,dynamic,5,2.564495,9987,4,0.0174777,0.00349554
cipher,UNIQUEKEY_2025_DBK,5,dynamic,6,2.399644,9987,4,0.0186784,0.00373568
cipher,UNIQUEKEY_2025_DBK,5,dynamic,7,2.449953,9987,4,0.0182948,0.00365896
cipher,UNIQUEKEY_2025_DBK,5,dynamic,8,2.323930,9987,4,0.0192869,0.00385738
cipher,UNIQUEKEY_2025_DBK,5,dynamic,9,2.376839,9987,4,0.0188576,0.00377152
cipher,UNIQUEKEY_2025_DBK,5,dynamic,10,2.430135,9987,4,0.018444,0.0036888
cipher,UNIQUEKEY_2025_DBK,6,dynamic,1,2.654837,9987,5,0.0168829,0.00281382
cipher,UNIQUEKEY_2025_DBK,6,dynamic,2,2.632790,9987,5,0.0170243,0.00283738
cipher,UNIQUEKEY_2025_DBK,6,dynamic,3,2.484662,9987,5,0.0180392,0.00300653
cipher,UNIQUEKEY_2025_DBK,6,dynamic,4,2.495406,9987,5,0.0179616,0.0029936
cipher,UNIQUEKEY_2025_DBK,6,dynamic,5,2.491283,9987,5,0.0179913,0.00299855
cipher,UNIQUEKEY_2025_DBK,6,dynamic,6,2.478183,9987,5,0.0180864,0.0030144
cipher,UNIQUEKEY_2025_DBK,6,dynamic,7,2.471202,9987,5,0.0181375,0.00302292
cipher,UNIQUEKEY_2025_DBK,6,dynamic,8,2.460689,9987,5,0.018215,0.00303583
cipher,UNIQUEKEY_2025_DBK,6,dynamic,9,2.481496,9987,5,0.0180622,0.00301037
cipher,UNIQUEKEY_2025_DBK,6,dynamic,10,2.483522,9987,5,0.0180475,0.00300792
cipher,UNIQUEKEY_2025_DBK,7,dynamic,1,2.606687,9987,6,0.0171948,0.0024564
cipher,UNIQUEKEY_2025_DBK,7,dynamic,2,2.651385,9987,6,0.0169049,0.00241499
cipher,UNIQUEKEY_2025_DBK,7,dynamic,3,2.607764,9987,6,0.0171877,0.00245539
cipher,UNIQUEKEY_2025_DBK,7,dynamic,4,2.616753,9987,6,0.0171286,0.00244694
cipher,UNIQUEKEY_2025_DBK,7,dynamic,5,2.601669,9987,6,0.0172279,0.00246113
cipher,UNIQUEKEY_2025_DBK,7,dynamic,6,2.640981,9987,6,0.0169715,0.0024245
cipher,UNIQUEKEY_2025_DBK,7,dynamic,7,2.663363,9987,6,0.0168289,0.00240413
cipher,UNIQUEKEY_2025_DBK,7,dynamic,8,2.604790,9987,6,0.0172073,0.00245819
cipher,UNIQUEKEY_2025_DBK,7,dynamic,9,2.610591,9987,6,0.0171691,0.00245273
cipher,UNIQUEKEY_2025_DBK,7,dynamic,10,2.595815,9987,6,0.0172668,0.00246669
cipher,UNIQUEKEY_2025_DBK,8,dynamic,1,2.745316,9987,7,0.0163265,0.00204081
cipher,UNIQUEKEY_2025_DBK,8,dynamic,2,2.768737,9987,7,0.0161884,0.00202355
cipher,UNIQUEKEY_2025_DBK,8,dynamic,3,2.738295,9987,7,0.0163684,0.00204605
cipher,UNIQUEKEY_2025_DBK,8,dynamic,4,2.797825,9987,7,0.0160201,0.00200251
cipher,UNIQUEKEY_2025_DBK,8,dynamic,5,4.159619,9987,7,0.0107754,0.00134692
cipher,UNIQUEKEY_2025_DBK,8,dynamic,6,2.954967,9987,7,0.0151682,0.00189602
cipher,UNIQUEKEY_2025_DBK,8,dynamic,7,2.738124,9987,7,0.0163694,0.00204617
cipher,UNIQUEKEY_2025_DBK,8,dynamic,8,2.745958,9987,7,0.0163227,0.00204034
cipher,UNIQUEKEY_2025_DBK,8,dynamic,9,2.777348,9987,7,0.0161382,0.00201727
cipher,UNIQUEKEY_2025_DBK,8,dynamic,10,2.831109,9987,7,0.0158317,0.00197896
cipher,UNIQUEKEY_2025_DBK,10,dynamic,1,2.934297,9987,9,0.015275,0.0015275
cipher,UNIQUEKEY_2025_DBK,10,dynamic,2,2.973685,9987,9,0.0150727,0.00150727
cipher,UNIQUEKEY_2025_DBK,10,dynamic,3,3.036377,9987,9,0.0147615,0.00147615
cipher,UNIQUEKEY_2025_DBK,10,dynamic,4,3.025355,9987,9,0.0148153,0.00148153
cipher,UNIQUEKEY_2025_DBK,10,dynamic,5,3.050891,9987,9,0.0146912,0.00146912
cipher,UNIQUEKEY_2025_DBK,10,dynamic,6,3.251045,9987,9,0.0137868,0.00137868
cipher,UNIQUEKEY_2025_DBK,10,dynamic,7,3.238473,9987,9,0.0138403,0.00138403
cipher,UNIQUEKEY_2025_DBK,10,dynamic,8,3.373926,9987,9,0.0132846,0.00132846
cipher,UNIQUEKEY_2025_DBK,10,dynamic,9,3.195935,9987,9,0.0140245,0.00140245
cipher,UNIQUEKEY_2025_DBK,10,dynamic,10,3.096881,9987,9,0.0144731,0.00144731
cipher_early,the,1,block,1,0.062946,107364,0,1.0,1.0
cipher_early,the,1,block,2,0.065995,107364,0,1.0,1.0
cipher_early,the,1,block,3,0.067625,107364,0,1.0,1.0
cipher_early,the,1,block,4,0.066286,107364,0,1.0,1.0
cipher_early,the,1,block,5,0.067777,107364,0,1.0,1.0
cipher_early,the,1,block,6,0.068025,107364,0,1.0,1.0
cipher_early,the,1,block,7,0.066808,107364,0,1.0,1.0
cipher_early,the,1,block,8,0.066250,107364,0,1.0,1.0
cipher_early,the,1,block,9,0.066278,107364,0,1.0,1.0
cipher_early,the,1,block,10,0.067126,107364,0,1.0,1.0
cipher_early,the,2,block,1,0.163494,107364,0,0.406814,0.203407
cipher_early,the,2,block,2,0.168924,107364,0,0.393737,0.196869
cipher_early,the,2,block,3,0.166303,107364,0,0.399942,0.199971
cipher_early,the,2,block,4,0.164311,107364,0,0.404791,0.202396
cipher_early,the,2,block,5,0.163075,107364,0,0.407859,0.20393
cipher_early,the,2,block,6,0.165712,107364,0,0.401369,0.200684
cipher_early,the,2,block,7,0.164237,107364,0,0.404973,0.202487
cipher_early,the,2,block,8,0.165793,107364,0,0.401173,0.200587
cipher_early,the,2,block,9,0.165990,107364,0,0.400696,0.200348
cipher_early,the,2,block,10,0.165313,107364,0,0.402337,0.201169
cipher_early,the,3,block,1,0.169350,107364,0,0.392746,0.130915
cipher_early,the,3,block,2,0.169862,107364,0,0.391563,0.130521
cipher_early,the,3,block,3,0.168632,107364,0,0.394419,0.131473
cipher_early,the,3,block,4,0.169293,107364,0,0.392879,0.13096
cipher_early,the,3,block,5,0.168600,107364,0,0.394493,0.131498
cipher_early,the,3,block,6,0.170132,107364,0,0.390941,0.130314
cipher_early,the,3,block,7,0.167689,107364,0,0.396637,0.132212
cipher_early,the,3,block,8,0.168442,107364,0,0.394864,0.131621
cipher_early,the,3,block,9,0.169239,107364,0,0.393004,0.131001
cipher_early,the,3,block,10,0.168725,107364,0,0.394201,0.1314
cipher_early,the,4,block,1,0.170686,201464335,3,0.389672,0.097418
cipher_early,the,4,block,2,0.168119,201464335,3,0.395622,0.0989055
cipher_early,the,4,block,3,0.168479,201464335,3,0.394777,0.0986942
cipher_early,the,4,block,4,0.167909,201464335,3,0.396117,0.0990292
cipher_early,the,4,block,5,0.168391,201464335,3,0.394983,0.0987457
cipher_early,the,4,block,6,0.168145,201464335,3,0.395561,0.0988902
cipher_early,the,4,block,7,0.169827,201464335,3,0.391643,0.0979108
cipher_early,the,4,block,8,0.167866,201464335,3,0.396218,0.0990545
cipher_early,the,4,block,9,0.169546,201464335,3,0.392292,0.098073
cipher_early,the,4,block,10,0.168574,201464335,3,0.394554,0.0986385
cipher_early,the,5,block,1,0.170929,214748476,4,0.389118,0.0778236
cipher_early,the,5,block,2,0.169875,214748476,4,0.391533,0.0783066
cipher_early,the,5,block,3,0.171771,214748476,4,0.387211,0.0774422
cipher_early,the,5,block,4,0.172033,214748476,4,0.386621,0.0773242
cipher_early,the,5,block,5,0.169757,214748476,4,0.391805,0.078361
cipher_early,the,5,block,6,0.171300,214748476,4,0.388276,0.0776552
cipher_early,the,5,block,7,0.173542,214748476,4,0.383259,0.0766518
cipher_early,the,5,block,8,0.172011,214748476,4,0.386671,0.0773342
cipher_early,the,5,block,9,0.170751,214748476,4,0.389524,0.0779048
cipher_early,the,5,block,10,0.171657,214748476,4,0.387468,0.0774936
cipher_early,the,6,block,1,0.198760,107364,0,0.334633,0.0557722
cipher_early,the,6,block,2,0.192816,107364,0,0.344949,0.0574915
cipher_early,the,6,block,3,0.192235,107364,0,0.345991,0.0576652
cipher_early,the,6,block,4,0.184608,107364,0,0.360286,0.0600477
cipher_early,the,6,block,5,0.192636,107364,0,0.345271,0.0575452
cipher_early,the,6,block,6,0.204971,107364,0,0.324493,0.0540822
cipher_early,the,6,block,7,0.216204,107364,0,0.307634,0.0512723
cipher_early,the,6,block,8,0.215372,107364,0,0.308822,0.0514703
cipher_early,the,6,block,9,0.217939,107364,0,0.305184,0.050864
cipher_early,the,6,block,10,0.215306,107364,0,0.308917,0.0514862
cipher_early,the,7,block,1,0.216683,230120728,6,0.306953,0.0438504
cipher_early,the,7,block,2,0.233798,230120728,6,0.284483,0.0406404
cipher_early,the,7,block,3,0.226317,230120728,6,0.293887,0.0419839
cipher_early,the,7,block,4,0.237615,230120728,6,0.279913,0.0399876
cipher_early,the,7,block,5,0.222932,230120728,6,0.298349,0.0426213
cipher_early,the,7,block,6,0.225452,230120728,6,0.295014,0.0421449
cipher_early,the,7,block,7,0.210925,230120728,6,0.315333,0.0450476
cipher_early,the,7,block,8,0.226903,230120728,6,0.293128,0.0418754
cipher_early,the,7,block,9,0.201996,230120728,6,0.329272,0.0470389
cipher_early,the,7,block,10,0.223170,230120728,6,0.298031,0.0425759
cipher_early,the,8,block,1,0.232278,235137701,7,0.286345,0.0357931
cipher_early,the,8,block,2,0.222629,235137701,7,0.298755,0.0373444
cipher_early,the,8,block,3,0.207656,235137701,7,0.320297,0.0400371
cipher_early,the,8,block,4,0.259433,235137701,7,0.256373,0.0320466
cipher_early,the,8,block,5,0.228996,235137701,7,0.290449,0.0363061
cipher_early,the,8,block,6,0.218606,235137701,7,0.304253,0.0380316
cipher_early,the,8,block,7,0.209598,235137701,7,0.317329,0.0396661
cipher_early,the,8,block,8,0.231444,235137701,7,0.287377,0.0359221
cipher_early,the,8,block,9,0.222811,235137701,7,0.298511,0.0373139
cipher_early,the,8,block,10,0.232848,235137701,7,0.285644,0.0357055
cipher_early,the,10,block,1,0.249637,241786762,9,0.266433,0.0266433
cipher_early,the,10,block,2,0.250879,241786762,9,0.265114,0.0265114
cipher_early,the,10,block,3,0.287188,241786762,9,0.231596,0.0231596
cipher_early,the,10,block,4,0.246400,241786762,9,0.269933,0.0269933
cipher_early,the,10,block,5,0.268521,241786762,9,0.247696,0.0247696
cipher_early,the,10,block,6,0.235896,241786762,9,0.281953,0.0281953
cipher_early,the,10,block,7,0.264404,241786762,9,0.251553,0.0251553
cipher_early,the,10,block,8,0.245810,241786762,9,0.270581,0.0270581
cipher_early,the,10,block,9,0.227789,241786762,9,0.291988,0.0291988
cipher_early,the,10,block,10,0.242940,241786762,9,0.273778,0.0273778
cipher_early,the,1,interleaved,1,0.066414,107364,0,1.0,1.0
cipher_early,the,1,interleaved,2,0.068056,107364,0,1.0,1.0
cipher_early,the,1,interleaved,3,0.066987,107364,0,1.0,1.0
cipher_early,the,1,interleaved,4,0.075443,107364,0,1.0,1.0
cipher_early,the,1,interleaved,5,0.071388,107364,0,1.0,1.0
cipher_early,the,1,interleaved,6,0.067713,107364,0,1.0,1.0
cipher_early,the,1,interleaved,7,0.066241,107364,0,1.0,1.0
cipher_early,the,1,interleaved,8,0.072166,107364,0,1.0,1.0
cipher_early,the,1,interleaved,9,0.071425,107364,0,1.0,1.0
cipher_early,the,1,interleaved,10,0.069404,107364,0,1.0,1.0
cipher_early,the,2,interleaved,1,0.105278,326277,1,0.660382,0.330191
cipher_early,the,2,interleaved,2,0.117114,326277,1,0.593641,0.29682
cipher_early,the,2,interleaved,3,0.113666,326277,1,0.611649,0.305824
cipher_early,the,2,interleaved,4,0.105516,326277,1,0.658892,0.329446
cipher_early,the,2,interleaved,5,0.107435,326277,1,0.647123,0.323562
cipher_early,the,2,interleaved,6,0.106018,326277,1,0.655773,0.327887
cipher_early,the,2,interleaved,7,0.109087,326277,1,0.637323,0.318661
cipher_early,the,2,interleaved,8,0.105627,326277,1,0.6582,0.3291
cipher_early,the,2,interleaved,9,0.110626,326277,1,0.628457,0.314229
cipher_early,the,2,interleaved,10,0.143404,326277,1,0.48481,0.242405
cipher_early,the,3,interleaved,1,0.173280,463684,1,0.401222,0.133741
cipher_early,the,3,interleaved,2,0.191767,463684,1,0.362543,0.120848
cipher_early,the,3,interleaved,3,0.176094,463684,1,0.39481,0.131603
cipher_early,the,3,interleaved,4,0.170443,463684,1,0.4079,0.135967
cipher_early,the,3,interleaved,5,0.190812,463684,1,0.364357,0.121452
cipher_early,the,3,interleaved,6,0.195375,463684,1,0.355847,0.118616
cipher_early,the,3,interleaved,7,0.170660,463684,1,0.407381,0.135794
cipher_early,the,3,interleaved,8,0.188130,463684,1,0.369551,0.123184
cipher_early,the,3,interleaved,9,0.190780,463684,1,0.364418,0.121473
cipher_early,the,3,interleaved,10,0.175760,463684,1,0.39556,0.131853
cipher_early,the,4,interleaved,1,0.192054,851090,2,0.362001,0.0905003
cipher_early,the,4,interleaved,2,0.173535,851090,2,0.400632,0.100158
cipher_early,the,4,interleaved,3,0.172438,851090,2,0.403181,0.100795
cipher_early,the,4,interleaved,4,0.170923,851090,2,0.406755,0.101689
cipher_early,the,4,interleaved,5,0.169741,851090,2,0.409587,0.102397
cipher_early,the,4,interleaved,6,0.172107,851090,2,0.403956,0.100989
cipher_early,the,4,interleaved,7,0.174594,851090,2,0.398202,0.0995505
cipher_early,the,4,interleaved,8,0.175376,851090,2,0.396427,0.0991067
cipher_early,the,4,interleaved,9,0.171094,851090,2,0.406348,0.101587
cipher_early,the,4,interleaved,10,0.180590,851090,2,0.384981,0.0962453
cipher_early,the,5,interleaved,1,0.190718,851090,4,0.364537,0.0729074
cipher_early,the,5,interleaved,2,0.187208,851090,4,0.371371,0.0742742
cipher_early,the,5,interleaved,3,0.190765,851090,4,0.364447,0.0728894
cipher_early,the,5,interleaved,4,0.181790,851090,4,0.38244,0.076488
cipher_early,the,5,interleaved,5,0.198326,851090,4,0.350553,0.0701106
cipher_early,the,5,interleaved,6,0.181204,851090,4,0.383676,0.0767352
cipher_early,the,5,interleaved,7,0.170412,851090,4,0.407974,0.0815948
cipher_early,the,5,interleaved,8,0.197036,851090,4,0.352848,0.0705696
cipher_early,the,5,interleaved,9,0.207529,851090,4,0.335007,0.0670014
cipher_early,the,5,interleaved,10,0.193690,851090,4,0.358943,0.0717886
cipher_early,the,6,interleaved,1,0.205705,1098989,5,0.337978,0.0563297
cipher_early,the,6,interleaved,2,0.219873,1098989,5,0.316199,0.0526998
cipher_early,the,6,interleaved,3,0.220287,1098989,5,0.315605,0.0526008
cipher_early,the,6,interleaved,4,0.199102,1098989,5,0.349186,0.0581977
cipher_early,the,6,interleaved,5,0.211334,1098989,5,0.328975,0.0548292
cipher_early,the,6,interleaved,6,0.196841,1098989,5,0.353197,0.0588662
cipher_early,the,6,interleaved,7,0.209313,1098989,5,0.332152,0.0553587
cipher_early,the,6,interleaved,8,0.191479,1098989,5,0.363088,0.0605147
cipher_early,the,6,interleaved,9,0.218605,1098989,5,0.318033,0.0530055
cipher_early,the,6,interleaved,10,0.224685,1098989,5,0.309427,0.0515712
cipher_early,the,7,interleaved,1,0.235448,1098989,5,0.295283,0.0421833
cipher_early,the,7,interleaved,2,0.235914,1098989,5,0.294699,0.0420999
cipher_early,the,7,interleaved,3,0.233478,1098989,5,0.297774,0.0425391
cipher_early,the,7,interleaved,4,0.236983,1098989,5,0.29337,0.04191
cipher_early,the,7,interleaved,5,0.228605,1098989,5,0.304122,0.043446
cipher_early,the,7,interleaved,6,0.217592,1098989,5,0.319514,0.0456449
cipher_early,the,7,interleaved,7,0.191309,1098989,5,0.363411,0.0519159
cipher_early,the,7,interleaved,8,0.195524,1098989,5,0.355576,0.0507966
cipher_early,the,7,interleaved,9,0.227596,1098989,5,0.30547,0.0436386
cipher_early,the,7,interleaved,10,0.212300,1098989,5,0.327479,0.0467827
cipher_early,the,8,interleaved,1,0.238957,2083081,7,0.290946,0.0363682
cipher_early,the,8,interleaved,2,0.233240,2083081,7,0.298078,0.0372598
cipher_early,the,8,interleaved,3,0.226593,2083081,7,0.306822,0.0383527
cipher_early,the,8,interleaved,4,0.218901,2083081,7,0.317603,0.0397004
cipher_early,the,8,interleaved,5,0.229347,2083081,7,0.303138,0.0378923
cipher_early,the,8,interleaved,6,0.227534,2083081,7,0.305553,0.0381941
cipher_early,the,8,interleaved,7,0.207776,2083081,7,0.334609,0.0418261
cipher_early,the,8,interleaved,8,0.203588,2083081,7,0.341492,0.0426865
cipher_early,the,8,interleaved,9,0.226263,2083081,7,0.307269,0.0384086
cipher_early,the,8,interleaved,10,0.210093,2083081,7,0.330919,0.0413649
cipher_early,the,10,interleaved,1,0.225041,2370526,9,0.308938,0.0308938
cipher_early,the,10,interleaved,2,0.232479,2370526,9,0.299054,0.0299054
cipher_early,the,10,interleaved,3,0.239017,2370526,9,0.290873,0.0290873
cipher_early,the,10,interleaved,4,0.237807,2370526,9,0.292353,0.0292353
cipher_early,the,10,interleaved,5,0.242177,2370526,9,0.287078,0.0287078
cipher_early,the,10,interleaved,6,0.251713,2370526,9,0.276202,0.0276202
cipher_early,the,10,interleaved,7,0.238335,2370526,9,0.291706,0.0291706
cipher_early,the,10,interleaved,8,0.234266,2370526,9,0.296772,0.0296772
cipher_early,the,10,interleaved,9,0.220865,2370526,9,0.314779,0.0314779
cipher_early,the,10,interleaved,10,0.236182,2370526,9,0.294365,0.0294365
cipher_early,the,1,dynamic,1,0.065894,107364,0,1.0,1.0
cipher_early,the,1,dynamic,2,0.066462,107364,0,1.0,1.0
cipher_early,the,1,dynamic,3,0.066169,107364,0,1.0,1.0
cipher_early,the,1,dynamic,4,0.067053,107364,0,1.0,1.0
cipher_early,the,1,dynamic,5,0.066815,107364,0,1.0,1.0
cipher_early,the,1,dynamic,6,0.068545,107364,0,1.0,1.0
cipher_early,the,1,dynamic,7,0.068168,107364,0,1.0,1.0
cipher_early,the,1,dynamic,8,0.066437,107364,0,1.0,1.0
cipher_early,the,1,dynamic,9,0.068450,107364,0,1.0,1.0
cipher_early,the,1,dynamic,10,0.067074,107364,0,1.0,1.0
cipher_early,the,2,dynamic,1,0.071180,107364,1,0.942775,0.471388
cipher_early,the,2,dynamic,2,0.071028,107364,1,0.944792,0.472396
cipher_early,the,2,dynamic,3,0.069267,107364,1,0.968812,0.484406
cipher_early,the,2,dynamic,4,0.069483,107364,1,0.9658,0.4829
cipher_early,the,2,dynamic,5,0.069668,107364,1,0.963236,0.481618
cipher_early,the,2,dynamic,6,0.069703,107364,1,0.962752,0.481376
cipher_early,the,2,dynamic,7,0.069214,107364,1,0.969554,0.484777
cipher_early,the,2,dynamic,8,0.069721,107364,1,0.962503,0.481251
cipher_early,the,2,dynamic,9,0.069687,107364,1,0.962973,0.481486
cipher_early,the,2,dynamic,10,0.069634,107364,1,0.963706,0.481853
cipher_early,the,3,dynamic,1,0.070231,107364,2,0.955514,0.318505
cipher_early,the,3,dynamic,2,0.068693,107364,2,0.976907,0.325636
cipher_early,the,3,dynamic,3,0.070466,107364,2,0.952327,0.317442
cipher_early,the,3,dynamic,4,0.069049,107364,2,0.971871,0.323957
cipher_early,the,3,dynamic,5,0.069957,107364,2,0.959256,0.319752
cipher_early,the,3,dynamic,6,0.068650,107364,2,0.977519,0.32584
cipher_early,the,3,dynamic,7,0.070000,107364,2,0.958667,0.319556
cipher_early,the,3,dynamic,8,0.069076,107364,2,0.971491,0.32383
cipher_early,the,3,dynamic,9,0.070045,107364,2,0.958051,0.31935
cipher_early,the,3,dynamic,10,0.068731,107364,2,0.976367,0.325456
cipher_early,the,4,dynamic,1,0.071267,107364,3,0.941624,0.235406
cipher_early,the,4,dynamic,2,0.070576,107364,3,0.950843,0.237711
cipher_early,the,4,dynamic,3,0.071223,107364,3,0.942205,0.235551
cipher_early,the,4,dynamic,4,0.071019,107364,3,0.944912,0.236228
cipher_early,the,4,dynamic,5,0.070820,107364,3,0.947567,0.236892
cipher_early,the,4,dynamic,6,0.070748,107364,3,0.948531,0.237133
cipher_early,the,4,dynamic,7,0.071052,107364,3,0.944473,0.236118
cipher_early,the,4,dynamic,8,0.070389,107364,3,0.953369,0.238342
cipher_early,the,4,dynamic,9,0.071078,107364,3,0.944128,0.236032
cipher_early,the,4,dynamic,10,0.070430,107364,3,0.952814,0.238204
cipher_early,the,5,dynamic,1,0.184755,107364,4,0.36322,0.072644
cipher_early,the,5,dynamic,2,0.189469,107364,4,0.354183,0.0708366
cipher_early,the,5,dynamic,3,0.198595,107364,4,0.337907,0.0675814
cipher_early,the,5,dynamic,4,0.192855,107364,4,0.347965,0.069593
cipher_early,the,5,dynamic,5,0.186076,107364,4,0.360641,0.0721282
cipher_early,the,5,dynamic,6,0.200138,107364,4,0.335302,0.0670604
cipher_early,the,5,dynamic,7,0.193187,107364,4,0.347367,0.0694734
cipher_early,the,5,dynamic,8,0.189023,107364,4,0.355019,0.0710038
cipher_early,the,5,dynamic,9,0.194163,107364,4,0.34562,0.069124
cipher_early,the,5,dynamic,10,0.226067,107364,4,0.296844,0.0593688
cipher_early,the,6,dynamic,1,0.301152,107364,5,0.222833,0.0371388
cipher_early,the,6,dynamic,2,0.319037,107364,5,0.210341,0.0350568
cipher_early,the,6,dynamic,3,0.320206,107364,5,0.209574,0.034929
cipher_early,the,6,dynamic,4,0.320790,107364,5,0.209192,0.0348653
cipher_early,the,6,dynamic,5,0.347330,107364,5,0.193207,0.0322012
cipher_early,the,6,dynamic,6,0.340480,107364,5,0.197094,0.032849
cipher_early,the,6,dynamic,7,0.332112,107364,5,0.20206,0.0336767
cipher_early,the,6,dynamic,8,0.314979,107364,5,0.213051,0.0355085
cipher_early,the,6,dynamic,9,0.369346,107364,5,0.181691,0.0302818
cipher_early,the,6,dynamic,10,0.356911,107364,5,0.188021,0.0313368
cipher_early,the,7,dynamic,1,0.465659,107364,6,0.144111,0.0205873
cipher_early,the,7,dynamic,2,0.400563,107364,6,0.167531,0.023933
cipher_early,the,7,dynamic,3,0.399965,107364,6,0.167781,0.0239687
cipher_early,the,7,dynamic,4,0.483793,107364,6,0.13871,0.0198157
cipher_early,the,7,dynamic,5,0.529302,107364,6,0.126783,0.0181119
cipher_early,the,7,dynamic,6,0.474123,107364,6,0.141539,0.0202199
cipher_early,the,7,dynamic,7,0.524611,107364,6,0.127917,0.0182739
cipher_early,the,7,dynamic,8,0.400208,107364,6,0.16768,0.0239543
cipher_early,the,7,dynamic,9,0.392751,107364,6,0.170863,0.024409
cipher_early,the,7,dynamic,10,0.434593,107364,6,0.154413,0.022059
cipher_early,the,8,dynamic,1,0.415389,107364,7,0.161551,0.0201939
cipher_early,the,8,dynamic,2,0.411598,107364,7,0.163039,0.0203799
cipher_early,the,8,dynamic,3,0.415376,107364,7,0.161557,0.0201946
cipher_early,the,8,dynamic,4,0.428908,107364,7,0.156459,0.0195574
cipher_early,the,8,dynamic,5,0.434151,107364,7,0.15457,0.0193213
cipher_early,the,8,dynamic,6,0.417537,107364,7,0.16072,0.02009
cipher_early,the,8,dynamic,7,0.412014,107364,7,0.162875,0.0203594
cipher_early,the,8,dynamic,8,0.415541,107364,7,0.161492,0.0201865
cipher_early,the,8,dynamic,9,0.399933,107364,7,0.167795,0.0209744
cipher_early,the,8,dynamic,10,0.425971,107364,7,0.157538,0.0196923
cipher_early,the,10,dynamic,1,0.446831,107364,9,0.150184,0.0150184
cipher_early,the,10,dynamic,2,0.459509,107364,9,0.14604,0.014604
cipher_early,the,10,dynamic,3,0.466503,107364,9,0.143851,0.0143851
cipher_early,the,10,dynamic,4,0.474181,107364,9,0.141521,0.0141521
cipher_early,the,10,dynamic,5,0.441123,107364,9,0.152127,0.0152127
cipher_early,the,10,dynamic,6,0.483180,107364,9,0.138886,0.0138886
cipher_early,the,10,dynamic,7,0.503770,107364,9,0.133209,0.0133209
cipher_early,the,10,dynamic,8,0.446794,107364,9,0.150196,0.0150196
cipher_early,the,10,dynamic,9,0.453598,107364,9,0.147943,0.0147943
cipher_early,the,10,dynamic,10,0.457715,107364,9,0.146612,0.0146612
message_secret,Alan,1,block,1,2.409718,999999,0,1.0,1.0
message_secret,Alan,1,block,2,2.408414,999999,0,1.0,1.0
message_secret,Alan,1,block,3,2.413342,999999,0,1.0,1.0
message_secret,Alan,1,block,4,2.440800,999999,0,1.0,1.0
message_secret,Alan,1,block,5,2.421235,999999,0,1.0,1.0
message_secret,Alan,1,block,6,2.448774,999999,0,1.0,1.0
message_secret,Alan,1,block,7,2.375238,999999,0,1.0,1.0
message_secret,Alan,1,block,8,2.511693,999999,0,1.0,1.0
message_secret,Alan,1,block,9,2.437471,999999,0,1.0,1.0
message_secret,Alan,1,block,10,2.538618,999999,0,1.0,1.0
message_secret,Alan,2,block,1,2.631204,999999,0,0.927534,0.463767
message_secret,Alan,2,block,2,2.763423,999999,0,0.883155,0.441578
message_secret,Alan,2,block,3,2.580638,999999,0,0.945708,0.472854
message_secret,Alan,2,block,4,2.577374,999999,0,0.946906,0.473453
message_secret,Alan,2,block,5,2.574754,999999,0,0.947869,0.473934
message_secret,Alan,2,block,6,2.569645,999999,0,0.949754,0.474877
message_secret,Alan,2,block,7,2.600172,999999,0,0.938603,0.469301
message_secret,Alan,2,block,8,2.578687,999999,0,0.946424,0.473212
message_secret,Alan,2,block,9,2.594476,999999,0,0.940664,0.470332
message_secret,Alan,2,block,10,2.729331,999999,0,0.894186,0.447093
message_secret,Alan,3,block,1,2.774679,999999,0,0.879572,0.293191
message_secret,Alan,3,block,2,2.818435,999999,0,0.865917,0.288639
message_secret,Alan,3,block,3,2.690481,999999,0,0.907098,0.302366
message_secret,Alan,3,block,4,3.120532,999999,0,0.782088,0.260696
message_secret,Alan,3,block,5,2.802494,999999,0,0.870842,0.290281
message_secret,Alan,3,block,6,2.959039,999999,0,0.824771,0.274924
message_secret,Alan,3,block,7,2.961299,999999,0,0.824142,0.274714
message_secret,Alan,3,block,8,2.838880,999999,0,0.859681,0.28656
message_secret,Alan,3,block,9,2.755257,999999,0,0.885772,0.295257
message_secret,Alan,3,block,10,2.763936,999999,0,0.882991,0.29433
message_secret,Alan,4,block,1,3.019177,999999,0,0.808343,0.202086
message_secret,Alan,4,block,2,2.931829,999999,0,0.832426,0.208106
message_secret,Alan,4,block,3,2.901953,999999,0,0.840996,0.210249
message_secret,Alan,4,block,4,2.763012,999999,0,0.883286,0.220822
message_secret,Alan,4,block,5,2.795238,999999,0,0.873103,0.218276
message_secret,Alan,4,block,6,2.713296,999999,0,0.899471,0.224868
message_secret,Alan,4,block,7,2.808975,999999,0,0.868833,0.217208
message_secret,Alan,4,block,8,2.701688,999999,0,0.903335,0.225834
message_secret,Alan,4,block,9,2.781593,999999,0,0.877386,0.219346
message_secret,Alan,4,block,10,2.889183,999999,0,0.844713,0.211178
message_secret,Alan,5,block,1,3.030131,999999,0,0.805421,0.161084
message_secret,Alan,5,block,2,2.743780,999999,0,0.889477,0.177895
message_secret,Alan,5,block,3,2.949081,999999,0,0.827556,0.165511
message_secret,Alan,5,block,4,2.805088,999999,0,0.870037,0.174007
message_secret,Alan,5,block,5,2.763896,999999,0,0.883004,0.176601
message_secret,Alan,5,block,6,3.083355,999999,0,0.791518,0.158304
message_secret,Alan,5,block,7,2.815291,999999,0,0.866884,0.173377
message_secret,Alan,5,block,8,2.738998,999999,0,0.89103,0.178206
message_secret,Alan,5,block,9,2.879911,999999,0,0.847432,0.169486
message_secret,Alan,5,block,10,2.964258,999999,0,0.823319,0.164664
message_secret,Alan,6,block,1,3.181372,999999,0,0.767131,0.127855
message_secret,Alan,6,block,2,3.045279,999999,0,0.801414,0.133569
message_secret,Alan,6,block,3,3.102353,999999,0,0.786671,0.131112
message_secret,Alan,6,block,4,3.296735,999999,0,0.740287,0.123381
message_secret,Alan,6,block,5,3.213933,999999,0,0.759359,0.12656
message_secret,Alan,6,block,6,3.244441,999999,0,0.752219,0.12537
message_secret,Alan,6,block,7,2.980153,999999,0,0.818928,0.136488
message_secret,Alan,6,block,8,3.141571,999999,0,0.77685,0.129475
message_secret,Alan,6,block,9,3.256023,999999,0,0.749543,0.124924
message_secret,Alan,6,block,10,3.012447,999999,0,0.810149,0.135025
message_secret,Alan,7,block,1,3.070547,999999,0,0.794819,0.113546
message_secret,Alan,7,block,2,3.114073,999999,0,0.78371,0.111959
message_secret,Alan,7,block,3,3.078617,999999,0,0.792736,0.113248
message_secret,Alan,7,block,4,3.120829,999999,0,0.782013,0.111716
message_secret,Alan,7,block,5,3.101111,999999,0,0.786986,0.112427
message_secret,Alan,7,block,6,3.107736,999999,0,0.785308,0.112187
message_secret,Alan,7,block,7,3.114920,999999,0,0.783497,0.111928
message_secret,Alan,7,block,8,3.077519,999999,0,0.793019,0.113288
message_secret,Alan,7,block,9,3.097643,999999,0,0.787867,0.112552
message_secret,Alan,7,block,10,3.134134,999999,0,0.778694,0.111242
message_secret,Alan,8,block,1,3.267777,999999,0,0.746847,0.0933559
message_secret,Alan,8,block,2,3.259911,999999,0,0.748649,0.0935811
message_secret,Alan,8,block,3,3.240429,999999,0,0.75315,0.0941437
message_secret,Alan,8,block,4,3.246848,999999,0,0.751661,0.0939576
message_secret,Alan,8,block,5,3.557502,999999,0,0.686024,0.085753
message_secret,Alan,8,block,6,3.386876,999999,0,0.720584,0.090073
message_secret,Alan,8,block,7,3.479611,999999,0,0.70138,0.0876725
message_secret,Alan,8,block,8,3.605062,999999,0,0.676973,0.0846216
message_secret,Alan,8,block,9,3.280530,999999,0,0.743944,0.092993
message_secret,Alan,8,block,10,3.473433,999999,0,0.702628,0.0878285
message_secret,Alan,10,block,1,1.953772,80825159,3,1.24914,0.124914
message_secret,Alan,10,block,2,1.826559,80825159,3,1.33614,0.133614
message_secret,Alan,10,block,3,2.017085,80825159,3,1.20993,0.120993
message_secret,Alan,10,block,4,1.746212,80825159,3,1.39761,0.139761
message_secret,Alan,10,block,5,1.728805,80825159,3,1.41169,0.141169
message_secret,Alan,10,block,6,1.880763,80825159,3,1.29763,0.129763
message_secret,Alan,10,block,7,1.868854,80825159,3,1.3059,0.13059
message_secret,Alan,10,block,8,1.879910,80825159,3,1.29822,0.129822
message_secret,Alan,10,block,9,1.852911,80825159,3,1.31713,0.131713
message_secret,Alan,10,block,10,1.820886,80825159,3,1.3403,0.13403
message_secret,Alan,1,interleaved,1,2.470989,999999,0,1.0,1.0
message_secret,Alan,1,interleaved,2,2.506292,999999,0,1.0,1.0
message_secret,Alan,1,interleaved,3,2.487854,999999,0,1.0,1.0
message_secret,Alan,1,interleaved,4,2.421908,999999,0,1.0,1.0
message_secret,Alan,1,interleaved,5,2.521427,999999,0,1.0,1.0
message_secret,Alan,1,interleaved,6,2.566698,999999,0,1.0,1.0
message_secret,Alan,1,interleaved,7,2.535173,999999,0,1.0,1.0
message_secret,Alan,1,interleaved,8,2.506484,999999,0,1.0,1.0
message_secret,Alan,1,interleaved,9,2.454345,999999,0,1.0,1.0
message_secret,Alan,1,interleaved,10,2.494502,999999,0,1.0,1.0
message_secret,Alan,2,interleaved,1,1.351682,999999,1,1.84701,0.923505
message_secret,Alan,2,interleaved,2,1.361866,999999,1,1.8332,0.9166
message_secret,Alan,2,interleaved,3,1.327706,999999,1,1.88036,0.94018
message_secret,Alan,2,interleaved,4,1.285233,999999,1,1.9425,0.97125
message_secret,Alan,2,interleaved,5,1.294292,999999,1,1.92891,0.964455
message_secret,Alan,2,interleaved,6,1.344138,999999,1,1.85738,0.92869
message_secret,Alan,2,interleaved,7,1.373564,999999,1,1.81759,0.908795
message_secret,Alan,2,interleaved,8,1.383035,999999,1,1.80514,0.90257
message_secret,Alan,2,interleaved,9,1.363892,999999,1,1.83047,0.915235
message_secret,Alan,2,interleaved,10,1.337415,999999,1,1.86671,0.933355
message_secret,Alan,3,interleaved,1,1.353407,999999,0,1.84466,0.614887
message_secret,Alan,3,interleaved,2,1.377860,999999,0,1.81192,0.603973
message_secret,Alan,3,interleaved,3,1.347672,999999,0,1.85251,0.617503
message_secret,Alan,3,interleaved,4,1.356431,999999,0,1.84054,0.613513
message_secret,Alan,3,interleaved,5,1.343578,999999,0,1.85815,0.619383
message_secret,Alan,3,interleaved,6,1.377347,999999,0,1.81259,0.604197
message_secret,Alan,3,interleaved,7,1.325171,999999,0,1.88396,0.627987
message_secret,Alan,3,interleaved,8,1.314779,999999,0,1.89885,0.63295
message_secret,Alan,3,interleaved,9,1.360242,999999,0,1.83539,0.611797
message_secret,Alan,3,interleaved,10,1.375075,999999,0,1.81559,0.605197
message_secret,Alan,4,interleaved,1,0.678401,999999,3,3.68008,0.92002
message_secret,Alan,4,interleaved,2,0.708186,999999,3,3.5253,0.881325
message_secret,Alan,4,interleaved,3,0.694000,999999,3,3.59736,0.89934
message_secret,Alan,4,interleaved,4,0.659932,999999,3,3.78307,0.945767
message_secret,Alan,4,interleaved,5,0.657718,999999,3,3.79581,0.948952
message_secret,Alan,4,interleaved,6,0.668012,999999,3,3.73731,0.934327
message_secret,Alan,4,interleaved,7,0.655358,999999,3,3.80948,0.95237
message_secret,Alan,4,interleaved,8,0.668922,999999,3,3.73223,0.933057
message_secret,Alan,4,interleaved,9,0.696467,999999,3,3.58462,0.896155
message_secret,Alan,4,interleaved,10,0.679312,999999,3,3.67514,0.918785
message_secret,Alan,5,interleaved,1,0.707937,999999,4,3.52654,0.705308
message_secret,Alan,5,interleaved,2,0.718077,999999,4,3.47674,0.695348
message_secret,Alan,5,interleaved,3,0.724951,999999,4,3.44378,0.688756
message_secret,Alan,5,interleaved,4,0.690608,999999,4,3.61503,0.723006
message_secret,Alan,5,interleaved,5,0.731472,999999,4,3.41308,0.682616
message_secret,Alan,5,interleaved,6,0.688737,999999,4,3.62485,0.72497
message_secret,Alan,5,interleaved,7,0.685329,999999,4,3.64288,0.728576
message_secret,Alan,5,interleaved,8,0.743825,999999,4,3.35639,0.671278
message_secret,Alan,5,interleaved,9,0.767292,999999,4,3.25374,0.650748
message_secret,Alan,5,interleaved,10,0.717126,999999,4,3.48135,0.69627
message_secret,Alan,6,interleaved,1,0.735510,999999,3,3.39434,0.565723
message_secret,Alan,6,interleaved,2,0.759250,999999,3,3.28821,0.548035
message_secret,Alan,6,interleaved,3,0.768931,999999,3,3.24681,0.541135
message_secret,Alan,6,interleaved,4,0.773955,999999,3,3.22573,0.537622
message_secret,Alan,6,interleaved,5,0.724293,999999,3,3.44691,0.574485
message_secret,Alan,6,interleaved,6,0.738455,999999,3,3.3808,0.563467
message_secret,Alan,6,interleaved,7,0.741588,999999,3,3.36652,0.561087
message_secret,Alan,6,interleaved,8,0.740327,999999,3,3.37225,0.562042
message_secret,Alan,6,interleaved,9,0.727813,999999,3,3.43024,0.571707
message_secret,Alan,6,interleaved,10,0.733821,999999,3,3.40215,0.567025
message_secret,Alan,7,interleaved,1,0.809680,999999,0,3.0834,0.440486
message_secret,Alan,7,interleaved,2,0.776144,999999,0,3.21663,0.459519
message_secret,Alan,7,interleaved,3,0.906991,999999,0,2.75259,0.393227
message_secret,Alan,7,interleaved,4,0.889741,999999,0,2.80595,0.40085
message_secret,Alan,7,interleaved,5,0.795423,999999,0,3.13867,0.448381
message_secret,Alan,7,interleaved,6,0.801926,999999,0,3.11322,0.444746
message_secret,Alan,7,interleaved,7,0.885651,999999,0,2.81891,0.402701
message_secret,Alan,7,interleaved,8,0.824516,999999,0,3.02792,0.43256
message_secret,Alan,7,interleaved,9,0.771012,999999,0,3.23804,0.462577
message_secret,Alan,7,interleaved,10,0.851136,999999,0,2.93322,0.419031
message_secret,Alan,8,interleaved,1,0.899991,999999,7,2.77399,0.346749
message_secret,Alan,8,interleaved,2,0.803478,999999,7,3.1072,0.3884
message_secret,Alan,8,interleaved,3,0.925939,999999,7,2.69626,0.337033
message_secret,Alan,8,interleaved,4,0.874753,999999,7,2.85403,0.356754
message_secret,Alan,8,interleaved,5,0.832945,999999,7,2.99728,0.37466
message_secret,Alan,8,interleaved,6,0.999894,999999,7,2.49683,0.312104
message_secret,Alan,8,interleaved,7,0.881089,999999,7,2.8335,0.354187
message_secret,Alan,8,interleaved,8,0.822462,999999,7,3.03548,0.379435
message_secret,Alan,8,interleaved,9,0.957202,999999,7,2.6082,0.326025
message_secret,Alan,8,interleaved,10,0.930570,999999,7,2.68284,0.335355
message_secret,Alan,10,interleaved,1,0.955283,999999,9,2.61343,0.261343
message_secret,Alan,10,interleaved,2,1.043629,999999,9,2.3922,0.23922
message_secret,Alan,10,interleaved,3,0.984126,999999,9,2.53684,0.253684
message_secret,Alan,10,interleaved,4,1.060017,999999,9,2.35522,0.235522
message_secret,Alan,10,interleaved,5,0.942853,999999,9,2.64789,0.264789
message_secret,Alan,10,interleaved,6,0.931191,999999,9,2.68105,0.268105
message_secret,Alan,10,interleaved,7,1.000429,999999,9,2.4955,0.24955
message_secret,Alan,10,interleaved,8,0.980626,999999,9,2.54589,0.254589
message_secret,Alan,10,interleaved,9,0.929572,999999,9,2.68572,0.268572
message_secret,Alan,10,interleaved,10,0.942240,999999,9,2.64961,0.264961
message_secret,Alan,1,dynamic,1,2.631310,999999,0,1.0,1.0
message_secret,Alan,1,dynamic,2,2.564710,999999,0,1.0,1.0
message_secret,Alan,1,dynamic,3,2.675553,999999,0,1.0,1.0
message_secret,Alan,1,dynamic,4,2.482647,999999,0,1.0,1.0
message_secret,Alan,1,dynamic,5,2.597725,999999,0,1.0,1.0
message_secret,Alan,1,dynamic,6,2.582144,999999,0,1.0,1.0
message_secret,Alan,1,dynamic,7,2.557255,999999,0,1.0,1.0
message_secret,Alan,1,dynamic,8,2.443328,999999,0,1.0,1.0
message_secret,Alan,1,dynamic,9,2.432465,999999,0,1.0,1.0
message_secret,Alan,1,dynamic,10,2.452254,999999,0,1.0,1.0
message_secret,Alan,2,dynamic,1,2.561051,999999,1,0.992538,0.496269
message_secret,Alan,2,dynamic,2,2.455579,999999,1,1.03517,0.517585
message_secret,Alan,2,dynamic,3,2.536558,999999,1,1.00212,0.50106
message_secret,Alan,2,dynamic,4,2.610595,999999,1,0.973701,0.486851
message_secret,Alan,2,dynamic,5,2.513405,999999,1,1.01135,0.505675
message_secret,Alan,2,dynamic,6,2.491465,999999,1,1.02026,0.51013
message_secret,Alan,2,dynamic,7,2.472735,999999,1,1.02799,0.513995
message_secret,Alan,2,dynamic,8,2.499920,999999,1,1.01681,0.508405
message_secret,Alan,2,dynamic,9,2.484723,999999,1,1.02303,0.511515
message_secret,Alan,2,dynamic,10,2.605883,999999,1,0.975462,0.487731
message_secret,Alan,3,dynamic,1,2.527151,999999,2,1.00585,0.335283
message_secret,Alan,3,dynamic,2,2.674017,999999,2,0.950607,0.316869
message_secret,Alan,3,dynamic,3,3.964748,999999,2,0.641135,0.213712
message_secret,Alan,3,dynamic,4,4.026134,999999,2,0.63136,0.210453
message_secret,Alan,3,dynamic,5,3.893152,999999,2,0.652926,0.217642
message_secret,Alan,3,dynamic,6,3.870264,999999,2,0.656787,0.218929
message_secret,Alan,3,dynamic,7,3.899074,999999,2,0.651934,0.217311
message_secret,Alan,3,dynamic,8,2.607982,999999,2,0.974677,0.324892
message_secret,Alan,3,dynamic,9,3.830329,999999,2,0.663635,0.221212
message_secret,Alan,3,dynamic,10,3.889935,999999,2,0.653466,0.217822
message_secret,Alan,4,dynamic,1,2.571047,999999,3,0.988679,0.24717
message_secret,Alan,4,dynamic,2,3.895977,999999,3,0.652453,0.163113
message_secret,Alan,4,dynamic,3,3.899615,999999,3,0.651844,0.162961
message_secret,Alan,4,dynamic,4,3.866604,999999,3,0.657409,0.164352
message_secret,Alan,4,dynamic,5,3.828110,999999,3,0.66402,0.166005
message_secret,Alan,4,dynamic,6,3.838839,999999,3,0.662164,0.165541
message_secret,Alan,4,dynamic,7,3.810414,999999,3,0.667103,0.166776
message_secret,Alan,4,dynamic,8,3.817609,999999,3,0.665846,0.166462
message_secret,Alan,4,dynamic,9,2.513245,999999,3,1.01142,0.252855
message_secret,Alan,4,dynamic,10,2.502641,999999,3,1.0157,0.253925
message_secret,Alan,5,dynamic,1,3.913547,999999,4,0.649523,0.129905
message_secret,Alan,5,dynamic,2,3.864006,999999,4,0.657851,0.13157
message_secret,Alan,5,dynamic,3,3.914005,999999,4,0.649447,0.129889
message_secret,Alan,5,dynamic,4,3.923710,999999,4,0.647841,0.129568
message_secret,Alan,5,dynamic,5,4.024206,999999,4,0.631662,0.126332
message_secret,Alan,5,dynamic,6,4.137705,999999,4,0.614336,0.122867
message_secret,Alan,5,dynamic,7,4.130739,999999,4,0.615372,0.123074
message_secret,Alan,5,dynamic,8,2.552846,999999,4,0.995728,0.199146
message_secret,Alan,5,dynamic,9,4.214890,999999,4,0.603086,0.120617
message_secret,Alan,5,dynamic,10,2.778946,999999,4,0.914714,0.182943
message_secret,Alan,6,dynamic,1,4.596659,999999,5,0.552997,0.0921662
message_secret,Alan,6,dynamic,2,4.957978,999999,5,0.512697,0.0854495
message_secret,Alan,6,dynamic,3,4.758454,999999,5,0.534195,0.0890325
message_secret,Alan,6,dynamic,4,4.528980,999999,5,0.561261,0.0935435
message_secret,Alan,6,dynamic,5,4.479653,999999,5,0.567441,0.0945735
message_secret,Alan,6,dynamic,6,4.699888,999999,5,0.540851,0.0901418
message_secret,Alan,6,dynamic,7,4.338952,999999,5,0.585842,0.0976403
message_secret,Alan,6,dynamic,8,4.285315,999999,5,0.593175,0.0988625
message_secret,Alan,6,dynamic,9,4.252215,999999,5,0.597792,0.099632
message_secret,Alan,6,dynamic,10,4.273268,999999,5,0.594847,0.0991412
message_secret,Alan,7,dynamic,1,4.434425,999999,6,0.573229,0.0818899
message_secret,Alan,7,dynamic,2,4.490242,999999,6,0.566103,0.0808719
message_secret,Alan,7,dynamic,3,4.442760,999999,6,0.572153,0.0817361
message_secret,Alan,7,dynamic,4,4.671956,999999,6,0.544085,0.0777264
message_secret,Alan,7,dynamic,5,4.730924,999999,6,0.537303,0.0767576
message_secret,Alan,7,dynamic,6,3.237081,999999,6,0.785257,0.11218
message_secret,Alan,7,dynamic,7,4.408595,999999,6,0.576587,0.0823696
message_secret,Alan,7,dynamic,8,4.387238,999999,6,0.579394,0.0827706
message_secret,Alan,7,dynamic,9,4.525537,999999,6,0.561688,0.0802411
message_secret,Alan,7,dynamic,10,3.347819,999999,6,0.759282,0.108469
message_secret,Alan,8,dynamic,1,3.027072,999999,7,0.839736,0.104967
message_secret,Alan,8,dynamic,2,3.357497,999999,7,0.757094,0.0946368
message_secret,Alan,8,dynamic,3,3.146462,999999,7,0.807872,0.100984
message_secret,Alan,8,dynamic,4,3.175674,999999,7,0.800441,0.100055
message_secret,Alan,8,dynamic,5,3.296501,999999,7,0.771102,0.0963877
message_secret,Alan,8,dynamic,6,3.449606,999999,7,0.736878,0.0921098
message_secret,Alan,8,dynamic,7,3.055320,999999,7,0.831972,0.103997
message_secret,Alan,8,dynamic,8,3.022077,999999,7,0.841124,0.10514
message_secret,Alan,8,dynamic,9,3.109183,999999,7,0.817559,0.102195
message_secret,Alan,8,dynamic,10,3.098320,999999,7,0.820425,0.102553
message_secret,Alan,10,dynamic,1,3.321019,999999,9,0.76541,0.076541
message_secret,Alan,10,dynamic,2,3.421706,6536874,9,0.742887,0.0742887
message_secret,Alan,10,dynamic,3,3.308558,6536874,9,0.768292,0.0768292
message_secret,Alan,10,dynamic,4,3.362335,999999,9,0.756004,0.0756004
message_secret,Alan,10,dynamic,5,3.425716,999999,9,0.742017,0.0742017
message_secret,Alan,10,dynamic,6,3.303025,6536874,9,0.769579,0.0769579
message_secret,Alan,10,dynamic,7,3.422708,999999,9,0.742669,0.0742669
message_secret,Alan,10,dynamic,8,3.379170,999999,9,0.752238,0.0752238
message_secret,Alan,10,dynamic,9,3.400306,999999,9,0.747562,0.0747562
message_secret,Alan,10,dynamic,10,3.324825,6536874,9,0.764533,0.0764533
